event_name,event_hrefs,athlete_href,athlete_sb,athlete_pb,first_name,last_name,birthdate,country
Men's Pole Vault,https://eugene.diamondleague.com/program-results-eugene/?eventId=c700459c-f559-488f-a766-128570f30f4f&eventStart=2019-06-30T12%3A43%3A00-07%3A00&tx_diamondrace_diamondleaguestatistics%5Baction%5D=showEntries&tx_diamondrace_diamondleaguestatistics%5Bcontroller%5D=DiamondLeagueStatistics&cHash=ef32501303dcb117daec34708fc1ed6b,https://eugene.diamondleague.com/athletes/14377443.html,,6.03,Thiago,BRAZ,16/12/1993,Brazil
Women's Shot Put,https://eugene.diamondleague.com/program-results-eugene/?eventId=093d68c3-8a54-4c9d-958a-a403fdcdf3d2&eventStart=2019-06-30T12%3A57%3A00-07%3A00&tx_diamondrace_diamondleaguestatistics%5Baction%5D=showEntries&tx_diamondrace_diamondleaguestatistics%5Bcontroller%5D=DiamondLeagueStatistics&cHash=a529dc7eb1ddc4eb97986373c5432f37,https://eugene.diamondleague.com/athletes/14307333.html,,20.63,Michelle,CARTER,12/10/1985,United States
400m Hurdles Men,https://eugene.diamondleague.com/program-results-eugene/?eventId=a9701d16-c36e-4020-9bb3-87bf39071022&eventStart=2019-06-30T13%3A03%3A00-07%3A00&tx_diamondrace_diamondleaguestatistics%5Baction%5D=showEntries&tx_diamondrace_diamondleaguestatistics%5Bcontroller%5D=DiamondLeagueStatistics&cHash=f1ad5ce2597430faea5cd4a133de7d8e,https://eugene.diamondleague.com/athletes/14574865.html,,47.02,Rai,BENJAMIN,27/07/1997,United States
Women's High Jump,https://eugene.diamondleague.com/program-results-eugene/?eventId=b73e0eb1-e86d-4931-b9ce-a974ad596212&eventStart=2019-06-30T13%3A08%3A00-07%3A00&tx_diamondrace_diamondleaguestatistics%5Baction%5D=showEntries&tx_diamondrace_diamondleaguestatistics%5Bcontroller%5D=DiamondLeagueStatistics&cHash=63de9b666260d0549886f11f08a1c722,https://eugene.diamondleague.com/athletes/14486785.html,1.94,1.99,Vashti,CUNNINGHAM,18/01/1998,United States
Women's 3000m Steeplechase,https://eugene.diamondleague.com/program-results-eugene/?eventId=63fa7fea-e8c6-47b2-8083-8477ab65c9f6&eventStart=2019-06-30T13%3A11%3A00-07%3A00&tx_diamondrace_diamondleaguestatistics%5Baction%5D=showEntries&tx_diamondrace_diamondleaguestatistics%5Bcontroller%5D=DiamondLeagueStatistics&cHash=a21bd3a93df24138df88c9ac84993e30,https://eugene.diamondleague.com/athletes/14707661.html,,9:07.94,Peruth,CHEMUTAI,10/07/1999,Uganda
Men's 110m Hurdles,https://eugene.diamondleague.com/program-results-eugene/?eventId=e87d1c18-303e-4db0-8d13-240d6830a244&eventStart=2019-06-30T13%3A56%3A00-07%3A00&tx_diamondrace_diamondleaguestatistics%5Baction%5D=showEntries&tx_diamondrace_diamondleaguestatistics%5Bcontroller%5D=DiamondLeagueStatistics&cHash=7b653be65ac37bc6d1d104c4efa997a5,https://eugene.diamondleague.com/athletes/14432012.html,,13.03,Devon,ALLEN,12/12/1994,United States
Men's Shot Put,https://eugene.diamondleague.com/program-results-eugene/?eventId=8920797e-5521-44f0-9895-2b8e0665762a&eventStart=2019-06-30T14%3A01%3A00-07%3A00&tx_diamondrace_diamondleaguestatistics%5Baction%5D=showEntries&tx_diamondrace_diamondleaguestatistics%5Bcontroller%5D=DiamondLeagueStatistics&cHash=5f745b6ea2fd80fc2df950449e29142d,https://eugene.diamondleague.com/athletes/14500229.html,21.32,21.66,Konrad,BUKOWIECKI,17/03/1997,Poland
Women's 3000m,https://eugene.diamondleague.com/program-results-eugene/?eventId=0eac18db-536e-47a8-b377-569ee0ac09b5&eventStart=2019-06-30T14%3A05%3A00-07%3A00&tx_diamondrace_diamondleaguestatistics%5Baction%5D=showEntries&tx_diamondrace_diamondleaguestatistics%5Bcontroller%5D=DiamondLeagueStatistics&cHash=0a1bb0331dc5cdee36f255e5a909f754,https://eugene.diamondleague.com/athletes/14259917.html,,8:22.22,Almaz,AYANA,21/11/1991,Ethiopia
1500m Women,https://eugene.diamondleague.com/program-results-eugene/?eventId=91d0b332-c710-407f-8d2d-43d807a6660f&eventStart=2019-06-30T14%3A31%3A00-07%3A00&tx_diamondrace_diamondleaguestatistics%5Baction%5D=showEntries&tx_diamondrace_diamondleaguestatistics%5Bcontroller%5D=DiamondLeagueStatistics&cHash=61fe6ebf258bd52fd015338f6145ca6b,https://eugene.diamondleague.com/athletes/14290578.html,4:01.15,3:59.15,Rababe,ARAFI,12/01/1991,Morocco
1 Mile Men,https://eugene.diamondleague.com/program-results-eugene/?eventId=b432fc9b-21ba-4da9-83fc-22e0d2759c35&eventStart=2019-06-30T14%3A51%3A00-07%3A00&tx_diamondrace_diamondleaguestatistics%5Baction%5D=showEntries&tx_diamondrace_diamondleaguestatistics%5Bcontroller%5D=DiamondLeagueStatistics&cHash=d761e7ca991594da561a98e6791a1e1c,https://eugene.diamondleague.com/athletes/14368362.html,,3:50.42,Bethwell,BIRGEN,06/08/1988,Kenya
Men's Pole Vault,https://eugene.diamondleague.com/program-results-eugene/?eventId=c700459c-f559-488f-a766-128570f30f4f&eventStart=2019-06-30T12%3A43%3A00-07%3A00&tx_diamondrace_diamondleaguestatistics%5Baction%5D=showEntries&tx_diamondrace_diamondleaguestatistics%5Bcontroller%5D=DiamondLeagueStatistics&cHash=ef32501303dcb117daec34708fc1ed6b,https://eugene.diamondleague.com/athletes/14679502.html,,6.05,Armand,DUPLANTIS,10/11/1999,Sweden
Women's Shot Put,https://eugene.diamondleague.com/program-results-eugene/?eventId=093d68c3-8a54-4c9d-958a-a403fdcdf3d2&eventStart=2019-06-30T12%3A57%3A00-07%3A00&tx_diamondrace_diamondleaguestatistics%5Baction%5D=showEntries&tx_diamondrace_diamondleaguestatistics%5Bcontroller%5D=DiamondLeagueStatistics&cHash=a529dc7eb1ddc4eb97986373c5432f37,https://eugene.diamondleague.com/athletes/14269885.html,,19.21,Aliona,DUBITSKAYA,25/01/1990,Belarus
400m Hurdles Men,https://eugene.diamondleague.com/program-results-eugene/?eventId=a9701d16-c36e-4020-9bb3-87bf39071022&eventStart=2019-06-30T13%3A03%3A00-07%3A00&tx_diamondrace_diamondleaguestatistics%5Baction%5D=showEntries&tx_diamondrace_diamondleaguestatistics%5Bcontroller%5D=DiamondLeagueStatistics&cHash=f1ad5ce2597430faea5cd4a133de7d8e,https://eugene.diamondleague.com/athletes/14234898.html,,47.24,Kerron,CLEMENT,31/10/1985,United States
Women's High Jump,https://eugene.diamondleague.com/program-results-eugene/?eventId=b73e0eb1-e86d-4931-b9ce-a974ad596212&eventStart=2019-06-30T13%3A08%3A00-07%3A00&tx_diamondrace_diamondleaguestatistics%5Baction%5D=showEntries&tx_diamondrace_diamondleaguestatistics%5Bcontroller%5D=DiamondLeagueStatistics&cHash=63de9b666260d0549886f11f08a1c722,https://eugene.diamondleague.com/athletes/14302558.html,,1.97,Erika,KINSEY,10/03/1988,Sweden
Women's 3000m Steeplechase,https://eugene.diamondleague.com/program-results-eugene/?eventId=63fa7fea-e8c6-47b2-8083-8477ab65c9f6&eventStart=2019-06-30T13%3A11%3A00-07%3A00&tx_diamondrace_diamondleaguestatistics%5Baction%5D=showEntries&tx_diamondrace_diamondleaguestatistics%5Bcontroller%5D=DiamondLeagueStatistics&cHash=a21bd3a93df24138df88c9ac84993e30,https://eugene.diamondleague.com/athletes/14383286.html,,8:44.32,Beatrice,CHEPKOECH,06/07/1991,Kenya
Men's 110m Hurdles,https://eugene.diamondleague.com/program-results-eugene/?eventId=e87d1c18-303e-4db0-8d13-240d6830a244&eventStart=2019-06-30T13%3A56%3A00-07%3A00&tx_diamondrace_diamondleaguestatistics%5Baction%5D=showEntries&tx_diamondrace_diamondleaguestatistics%5Bcontroller%5D=DiamondLeagueStatistics&cHash=7b653be65ac37bc6d1d104c4efa997a5,https://eugene.diamondleague.com/athletes/14540136.html,,13.05,Ronald,LEVY,30/10/1992,Jamaica
Men's Shot Put,https://eugene.diamondleague.com/program-results-eugene/?eventId=8920797e-5521-44f0-9895-2b8e0665762a&eventStart=2019-06-30T14%3A01%3A00-07%3A00&tx_diamondrace_diamondleaguestatistics%5Baction%5D=showEntries&tx_diamondrace_diamondleaguestatistics%5Bcontroller%5D=DiamondLeagueStatistics&cHash=5f745b6ea2fd80fc2df950449e29142d,https://eugene.diamondleague.com/athletes/14369211.html,,22.65,Ryan,CROUSER,18/12/1992,United States
Women's 3000m,https://eugene.diamondleague.com/program-results-eugene/?eventId=0eac18db-536e-47a8-b377-569ee0ac09b5&eventStart=2019-06-30T14%3A05%3A00-07%3A00&tx_diamondrace_diamondleaguestatistics%5Baction%5D=showEntries&tx_diamondrace_diamondleaguestatistics%5Bcontroller%5D=DiamondLeagueStatistics&cHash=0a1bb0331dc5cdee36f255e5a909f754,https://eugene.diamondleague.com/athletes/14601536.html,8:33.29,8:33.29,Yasemin,CAN,11/12/1996,Turkey
1500m Women,https://eugene.diamondleague.com/program-results-eugene/?eventId=91d0b332-c710-407f-8d2d-43d807a6660f&eventStart=2019-06-30T14%3A31%3A00-07%3A00&tx_diamondrace_diamondleaguestatistics%5Baction%5D=showEntries&tx_diamondrace_diamondleaguestatistics%5Bcontroller%5D=DiamondLeagueStatistics&cHash=61fe6ebf258bd52fd015338f6145ca6b,https://eugene.diamondleague.com/athletes/14268335.html,4:09.36,4:09.36,Melissa,BISHOP,05/08/1988,Canada
1 Mile Men,https://eugene.diamondleague.com/program-results-eugene/?eventId=b432fc9b-21ba-4da9-83fc-22e0d2759c35&eventStart=2019-06-30T14%3A51%3A00-07%3A00&tx_diamondrace_diamondleaguestatistics%5Baction%5D=showEntries&tx_diamondrace_diamondleaguestatistics%5Bcontroller%5D=DiamondLeagueStatistics&cHash=d761e7ca991594da561a98e6791a1e1c,https://eugene.diamondleague.com/athletes/14234521.html,,3:50.53,Matthew,CENTROWITZ,18/10/1989,United States
Men's Pole Vault,https://eugene.diamondleague.com/program-results-eugene/?eventId=c700459c-f559-488f-a766-128570f30f4f&eventStart=2019-06-30T12%3A43%3A00-07%3A00&tx_diamondrace_diamondleaguestatistics%5Baction%5D=showEntries&tx_diamondrace_diamondleaguestatistics%5Bcontroller%5D=DiamondLeagueStatistics&cHash=ef32501303dcb117daec34708fc1ed6b,https://eugene.diamondleague.com/athletes/14440868.html,,6.00,Sam,KENDRICKS,07/09/1992,United States
Women's Shot Put,https://eugene.diamondleague.com/program-results-eugene/?eventId=093d68c3-8a54-4c9d-958a-a403fdcdf3d2&eventStart=2019-06-30T12%3A57%3A00-07%3A00&tx_diamondrace_diamondleaguestatistics%5Baction%5D=showEntries&tx_diamondrace_diamondleaguestatistics%5Bcontroller%5D=DiamondLeagueStatistics&cHash=a529dc7eb1ddc4eb97986373c5432f37,https://eugene.diamondleague.com/athletes/14533525.html,,,Chase,EALEY,20/07/1994,United States
400m Hurdles Men,https://eugene.diamondleague.com/program-results-eugene/?eventId=a9701d16-c36e-4020-9bb3-87bf39071022&eventStart=2019-06-30T13%3A03%3A00-07%3A00&tx_diamondrace_diamondleaguestatistics%5Baction%5D=showEntries&tx_diamondrace_diamondleaguestatistics%5Bcontroller%5D=DiamondLeagueStatistics&cHash=f1ad5ce2597430faea5cd4a133de7d8e,https://eugene.diamondleague.com/athletes/14169627.html,,47.81,Yasmani,COPELLO,15/04/1987,Turkey
Women's High Jump,https://eugene.diamondleague.com/program-results-eugene/?eventId=b73e0eb1-e86d-4931-b9ce-a974ad596212&eventStart=2019-06-30T13%3A08%3A00-07%3A00&tx_diamondrace_diamondleaguestatistics%5Baction%5D=showEntries&tx_diamondrace_diamondleaguestatistics%5Bcontroller%5D=DiamondLeagueStatistics&cHash=63de9b666260d0549886f11f08a1c722,https://eugene.diamondleague.com/athletes/14409457.html,,1.97,Morgan,LAKE,12/05/1997,Great Britain & NI
Women's 3000m Steeplechase,https://eugene.diamondleague.com/program-results-eugene/?eventId=63fa7fea-e8c6-47b2-8083-8477ab65c9f6&eventStart=2019-06-30T13%3A11%3A00-07%3A00&tx_diamondrace_diamondleaguestatistics%5Baction%5D=showEntries&tx_diamondrace_diamondleaguestatistics%5Bcontroller%5D=DiamondLeagueStatistics&cHash=a21bd3a93df24138df88c9ac84993e30,https://eugene.diamondleague.com/athletes/14530630.html,,9:08.23,Roseline,CHEPNGETICH,17/06/1997,Kenya
Men's 110m Hurdles,https://eugene.diamondleague.com/program-results-eugene/?eventId=e87d1c18-303e-4db0-8d13-240d6830a244&eventStart=2019-06-30T13%3A56%3A00-07%3A00&tx_diamondrace_diamondleaguestatistics%5Baction%5D=showEntries&tx_diamondrace_diamondleaguestatistics%5Bcontroller%5D=DiamondLeagueStatistics&cHash=7b653be65ac37bc6d1d104c4efa997a5,https://eugene.diamondleague.com/athletes/14360095.html,,12.95,Pascal,MARTINOT-LAGARDE,22/09/1991,France
Men's Shot Put,https://eugene.diamondleague.com/program-results-eugene/?eventId=8920797e-5521-44f0-9895-2b8e0665762a&eventStart=2019-06-30T14%3A01%3A00-07%3A00&tx_diamondrace_diamondleaguestatistics%5Baction%5D=showEntries&tx_diamondrace_diamondleaguestatistics%5Bcontroller%5D=DiamondLeagueStatistics&cHash=5f745b6ea2fd80fc2df950449e29142d,https://eugene.diamondleague.com/athletes/14471190.html,,22.08,MichaÅ,HARATYK,10/04/1992,Poland
Women's 3000m,https://eugene.diamondleague.com/program-results-eugene/?eventId=0eac18db-536e-47a8-b377-569ee0ac09b5&eventStart=2019-06-30T14%3A05%3A00-07%3A00&tx_diamondrace_diamondleaguestatistics%5Baction%5D=showEntries&tx_diamondrace_diamondleaguestatistics%5Bcontroller%5D=DiamondLeagueStatistics&cHash=0a1bb0331dc5cdee36f255e5a909f754,https://eugene.diamondleague.com/athletes/14749924.html,8:49.05,8:49.05,Beatrice,CHEBET,05/03/2000,Kenya
1500m Women,https://eugene.diamondleague.com/program-results-eugene/?eventId=91d0b332-c710-407f-8d2d-43d807a6660f&eventStart=2019-06-30T14%3A31%3A00-07%3A00&tx_diamondrace_diamondleaguestatistics%5Baction%5D=showEntries&tx_diamondrace_diamondleaguestatistics%5Bcontroller%5D=DiamondLeagueStatistics&cHash=61fe6ebf258bd52fd015338f6145ca6b,https://eugene.diamondleague.com/athletes/14288808.html,4:02.84,3:59.16,Winny,CHEBET,20/12/1990,Kenya
1 Mile Men,https://eugene.diamondleague.com/program-results-eugene/?eventId=b432fc9b-21ba-4da9-83fc-22e0d2759c35&eventStart=2019-06-30T14%3A51%3A00-07%3A00&tx_diamondrace_diamondleaguestatistics%5Baction%5D=showEntries&tx_diamondrace_diamondleaguestatistics%5Bcontroller%5D=DiamondLeagueStatistics&cHash=d761e7ca991594da561a98e6791a1e1c,https://eugene.diamondleague.com/athletes/14643526.html,,3:49.64,Timothy,CHERUIYOT,20/11/1995,Kenya
Men's Pole Vault,https://eugene.diamondleague.com/program-results-eugene/?eventId=c700459c-f559-488f-a766-128570f30f4f&eventStart=2019-06-30T12%3A43%3A00-07%3A00&tx_diamondrace_diamondleaguestatistics%5Baction%5D=showEntries&tx_diamondrace_diamondleaguestatistics%5Bcontroller%5D=DiamondLeagueStatistics&cHash=ef32501303dcb117daec34708fc1ed6b,https://eugene.diamondleague.com/athletes/14185853.html,,6.05,Renaud,LAVILLENIE,18/09/1986,France
Women's Shot Put,https://eugene.diamondleague.com/program-results-eugene/?eventId=093d68c3-8a54-4c9d-958a-a403fdcdf3d2&eventStart=2019-06-30T12%3A57%3A00-07%3A00&tx_diamondrace_diamondleaguestatistics%5Baction%5D=showEntries&tx_diamondrace_diamondleaguestatistics%5Bcontroller%5D=DiamondLeagueStatistics&cHash=a529dc7eb1ddc4eb97986373c5432f37,https://eugene.diamondleague.com/athletes/14426023.html,,19.46,Maggie,EWEN,23/09/1994,United States
400m Hurdles Men,https://eugene.diamondleague.com/program-results-eugene/?eventId=a9701d16-c36e-4020-9bb3-87bf39071022&eventStart=2019-06-30T13%3A03%3A00-07%3A00&tx_diamondrace_diamondleaguestatistics%5Baction%5D=showEntries&tx_diamondrace_diamondleaguestatistics%5Bcontroller%5D=DiamondLeagueStatistics&cHash=f1ad5ce2597430faea5cd4a133de7d8e,https://eugene.diamondleague.com/athletes/14536351.html,,48.30,TJ,HOLMES,02/07/1995,United States
Women's High Jump,https://eugene.diamondleague.com/program-results-eugene/?eventId=b73e0eb1-e86d-4931-b9ce-a974ad596212&eventStart=2019-06-30T13%3A08%3A00-07%3A00&tx_diamondrace_diamondleaguestatistics%5Baction%5D=showEntries&tx_diamondrace_diamondleaguestatistics%5Bcontroller%5D=DiamondLeagueStatistics&cHash=63de9b666260d0549886f11f08a1c722,https://eugene.diamondleague.com/athletes/14298324.html,,2.06,Mariya,LASITSKENE,14/01/1993,Authorised Neutral Athlete
Women's 3000m Steeplechase,https://eugene.diamondleague.com/program-results-eugene/?eventId=63fa7fea-e8c6-47b2-8083-8477ab65c9f6&eventStart=2019-06-30T13%3A11%3A00-07%3A00&tx_diamondrace_diamondleaguestatistics%5Baction%5D=showEntries&tx_diamondrace_diamondleaguestatistics%5Bcontroller%5D=DiamondLeagueStatistics&cHash=a21bd3a93df24138df88c9ac84993e30,https://eugene.diamondleague.com/athletes/14714407.html,,8:58.78,Celliphine,Chepteek,23/03/1999,Kenya
Men's 110m Hurdles,https://eugene.diamondleague.com/program-results-eugene/?eventId=e87d1c18-303e-4db0-8d13-240d6830a244&eventStart=2019-06-30T13%3A56%3A00-07%3A00&tx_diamondrace_diamondleaguestatistics%5Baction%5D=showEntries&tx_diamondrace_diamondleaguestatistics%5Bcontroller%5D=DiamondLeagueStatistics&cHash=7b653be65ac37bc6d1d104c4efa997a5,https://eugene.diamondleague.com/athletes/14435592.html,13.29,12.90,Omar,MCLEOD,25/04/1994,Jamaica
Men's Shot Put,https://eugene.diamondleague.com/program-results-eugene/?eventId=8920797e-5521-44f0-9895-2b8e0665762a&eventStart=2019-06-30T14%3A01%3A00-07%3A00&tx_diamondrace_diamondleaguestatistics%5Baction%5D=showEntries&tx_diamondrace_diamondleaguestatistics%5Bcontroller%5D=DiamondLeagueStatistics&cHash=5f745b6ea2fd80fc2df950449e29142d,https://eugene.diamondleague.com/athletes/14463877.html,,22.44,Darrell,HILL,17/08/1993,United States
Women's 3000m,https://eugene.diamondleague.com/program-results-eugene/?eventId=0eac18db-536e-47a8-b377-569ee0ac09b5&eventStart=2019-06-30T14%3A05%3A00-07%3A00&tx_diamondrace_diamondleaguestatistics%5Baction%5D=showEntries&tx_diamondrace_diamondleaguestatistics%5Bcontroller%5D=DiamondLeagueStatistics&cHash=0a1bb0331dc5cdee36f255e5a909f754,https://eugene.diamondleague.com/athletes/14259874.html,8:26.20,8:26.20,Genzebe,DIBABA,08/02/1991,Ethiopia
1500m Women,https://eugene.diamondleague.com/program-results-eugene/?eventId=91d0b332-c710-407f-8d2d-43d807a6660f&eventStart=2019-06-30T14%3A31%3A00-07%3A00&tx_diamondrace_diamondleaguestatistics%5Baction%5D=showEntries&tx_diamondrace_diamondleaguestatistics%5Bcontroller%5D=DiamondLeagueStatistics&cHash=61fe6ebf258bd52fd015338f6145ca6b,https://eugene.diamondleague.com/athletes/14522335.html,4:04.06,4:03.39,Alexa,EFRAIMSON,20/02/1997,United States
1 Mile Men,https://eugene.diamondleague.com/program-results-eugene/?eventId=b432fc9b-21ba-4da9-83fc-22e0d2759c35&eventStart=2019-06-30T14%3A51%3A00-07%3A00&tx_diamondrace_diamondleaguestatistics%5Baction%5D=showEntries&tx_diamondrace_diamondleaguestatistics%5Bcontroller%5D=DiamondLeagueStatistics&cHash=d761e7ca991594da561a98e6791a1e1c,https://eugene.diamondleague.com/athletes/14467155.html,,3:55.12,Craig,ENGELS,01/05/1994,United States
Men's Pole Vault,https://eugene.diamondleague.com/program-results-eugene/?eventId=c700459c-f559-488f-a766-128570f30f4f&eventStart=2019-06-30T12%3A43%3A00-07%3A00&tx_diamondrace_diamondleaguestatistics%5Baction%5D=showEntries&tx_diamondrace_diamondleaguestatistics%5Bcontroller%5D=DiamondLeagueStatistics&cHash=ef32501303dcb117daec34708fc1ed6b,https://eugene.diamondleague.com/athletes/14426447.html,,5.94,Piotr,LISEK,16/08/1992,Poland
Women's Shot Put,https://eugene.diamondleague.com/program-results-eugene/?eventId=093d68c3-8a54-4c9d-958a-a403fdcdf3d2&eventStart=2019-06-30T12%3A57%3A00-07%3A00&tx_diamondrace_diamondleaguestatistics%5Baction%5D=showEntries&tx_diamondrace_diamondleaguestatistics%5Bcontroller%5D=DiamondLeagueStatistics&cHash=a529dc7eb1ddc4eb97986373c5432f37,https://eugene.diamondleague.com/athletes/14266426.html,19.18,20.43,Lijiao,GONG,24/01/1989,PR of China
400m Hurdles Men,https://eugene.diamondleague.com/program-results-eugene/?eventId=a9701d16-c36e-4020-9bb3-87bf39071022&eventStart=2019-06-30T13%3A03%3A00-07%3A00&tx_diamondrace_diamondleaguestatistics%5Baction%5D=showEntries&tx_diamondrace_diamondleaguestatistics%5Bcontroller%5D=DiamondLeagueStatistics&cHash=f1ad5ce2597430faea5cd4a133de7d8e,https://eugene.diamondleague.com/athletes/14373195.html,,48.40,Rasmus,MÃGI,04/05/1992,Estonia
Women's High Jump,https://eugene.diamondleague.com/program-results-eugene/?eventId=b73e0eb1-e86d-4931-b9ce-a974ad596212&eventStart=2019-06-30T13%3A08%3A00-07%3A00&tx_diamondrace_diamondleaguestatistics%5Baction%5D=showEntries&tx_diamondrace_diamondleaguestatistics%5Bcontroller%5D=DiamondLeagueStatistics&cHash=63de9b666260d0549886f11f08a1c722,https://eugene.diamondleague.com/athletes/14594836.html,,2.01,Yuliya,LEVCHENKO,28/11/1997,Ukraine
Women's 3000m Steeplechase,https://eugene.diamondleague.com/program-results-eugene/?eventId=63fa7fea-e8c6-47b2-8083-8477ab65c9f6&eventStart=2019-06-30T13%3A11%3A00-07%3A00&tx_diamondrace_diamondleaguestatistics%5Baction%5D=showEntries&tx_diamondrace_diamondleaguestatistics%5Bcontroller%5D=DiamondLeagueStatistics&cHash=a21bd3a93df24138df88c9ac84993e30,https://eugene.diamondleague.com/athletes/14307810.html,,9:02.58,Emma,COBURN,19/10/1990,United States
Men's 110m Hurdles,https://eugene.diamondleague.com/program-results-eugene/?eventId=e87d1c18-303e-4db0-8d13-240d6830a244&eventStart=2019-06-30T13%3A56%3A00-07%3A00&tx_diamondrace_diamondleaguestatistics%5Baction%5D=showEntries&tx_diamondrace_diamondleaguestatistics%5Bcontroller%5D=DiamondLeagueStatistics&cHash=7b653be65ac37bc6d1d104c4efa997a5,https://eugene.diamondleague.com/athletes/14325570.html,,12.94,Hansle,PARCHMENT,17/06/1990,Jamaica
Men's Shot Put,https://eugene.diamondleague.com/program-results-eugene/?eventId=8920797e-5521-44f0-9895-2b8e0665762a&eventStart=2019-06-30T14%3A01%3A00-07%3A00&tx_diamondrace_diamondleaguestatistics%5Baction%5D=showEntries&tx_diamondrace_diamondleaguestatistics%5Bcontroller%5D=DiamondLeagueStatistics&cHash=5f745b6ea2fd80fc2df950449e29142d,https://eugene.diamondleague.com/athletes/14243308.html,,22.57,Joe,KOVACS,28/06/1989,United States
Women's 3000m,https://eugene.diamondleague.com/program-results-eugene/?eventId=0eac18db-536e-47a8-b377-569ee0ac09b5&eventStart=2019-06-30T14%3A05%3A00-07%3A00&tx_diamondrace_diamondleaguestatistics%5Baction%5D=showEntries&tx_diamondrace_diamondleaguestatistics%5Bcontroller%5D=DiamondLeagueStatistics&cHash=0a1bb0331dc5cdee36f255e5a909f754,https://eugene.diamondleague.com/athletes/14654918.html,,8:30.96,Letesenbet,GIDEY,20/03/1998,Ethiopia
1500m Women,https://eugene.diamondleague.com/program-results-eugene/?eventId=91d0b332-c710-407f-8d2d-43d807a6660f&eventStart=2019-06-30T14%3A31%3A00-07%3A00&tx_diamondrace_diamondleaguestatistics%5Baction%5D=showEntries&tx_diamondrace_diamondleaguestatistics%5Bcontroller%5D=DiamondLeagueStatistics&cHash=61fe6ebf258bd52fd015338f6145ca6b,https://eugene.diamondleague.com/athletes/14534819.html,4:00.17,4:00.17,Axumawit,EMBAYE,18/10/1994,Ethiopia
1 Mile Men,https://eugene.diamondleague.com/program-results-eugene/?eventId=b432fc9b-21ba-4da9-83fc-22e0d2759c35&eventStart=2019-06-30T14%3A51%3A00-07%3A00&tx_diamondrace_diamondleaguestatistics%5Baction%5D=showEntries&tx_diamondrace_diamondleaguestatistics%5Bcontroller%5D=DiamondLeagueStatistics&cHash=d761e7ca991594da561a98e6791a1e1c,https://eugene.diamondleague.com/athletes/14509722.html,,3:54.53,John,GREGOREK,07/12/1991,United States
Men's Pole Vault,https://eugene.diamondleague.com/program-results-eugene/?eventId=c700459c-f559-488f-a766-128570f30f4f&eventStart=2019-06-30T12%3A43%3A00-07%3A00&tx_diamondrace_diamondleaguestatistics%5Baction%5D=showEntries&tx_diamondrace_diamondleaguestatistics%5Bcontroller%5D=DiamondLeagueStatistics&cHash=ef32501303dcb117daec34708fc1ed6b,https://eugene.diamondleague.com/athletes/14565327.html,5.81,5.81,Kurtis,MARSCHALL,25/04/1997,Australia
Women's Shot Put,https://eugene.diamondleague.com/program-results-eugene/?eventId=093d68c3-8a54-4c9d-958a-a403fdcdf3d2&eventStart=2019-06-30T12%3A57%3A00-07%3A00&tx_diamondrace_diamondleaguestatistics%5Baction%5D=showEntries&tx_diamondrace_diamondleaguestatistics%5Bcontroller%5D=DiamondLeagueStatistics&cHash=a529dc7eb1ddc4eb97986373c5432f37,https://eugene.diamondleague.com/athletes/14282022.html,17.85,19.87,Anita,MÃRTON,15/01/1989,Hungary
400m Hurdles Men,https://eugene.diamondleague.com/program-results-eugene/?eventId=a9701d16-c36e-4020-9bb3-87bf39071022&eventStart=2019-06-30T13%3A03%3A00-07%3A00&tx_diamondrace_diamondleaguestatistics%5Baction%5D=showEntries&tx_diamondrace_diamondleaguestatistics%5Bcontroller%5D=DiamondLeagueStatistics&cHash=f1ad5ce2597430faea5cd4a133de7d8e,https://eugene.diamondleague.com/athletes/14532760.html,,47.54,Kyron,MCMASTER,03/01/1997,British Virgin Islands
Women's High Jump,https://eugene.diamondleague.com/program-results-eugene/?eventId=b73e0eb1-e86d-4931-b9ce-a974ad596212&eventStart=2019-06-30T13%3A08%3A00-07%3A00&tx_diamondrace_diamondleaguestatistics%5Baction%5D=showEntries&tx_diamondrace_diamondleaguestatistics%5Bcontroller%5D=DiamondLeagueStatistics&cHash=63de9b666260d0549886f11f08a1c722,https://eugene.diamondleague.com/athletes/14739628.html,,1.95,Yaroslava,MAHUCHIKH,19/09/2001,Ukraine
Women's 3000m Steeplechase,https://eugene.diamondleague.com/program-results-eugene/?eventId=63fa7fea-e8c6-47b2-8083-8477ab65c9f6&eventStart=2019-06-30T13%3A11%3A00-07%3A00&tx_diamondrace_diamondleaguestatistics%5Baction%5D=showEntries&tx_diamondrace_diamondleaguestatistics%5Bcontroller%5D=DiamondLeagueStatistics&cHash=a21bd3a93df24138df88c9ac84993e30,https://eugene.diamondleague.com/athletes/14507523.html,,9:00.85,Courtney,FRERICHS,18/01/1993,United States
Men's 110m Hurdles,https://eugene.diamondleague.com/program-results-eugene/?eventId=e87d1c18-303e-4db0-8d13-240d6830a244&eventStart=2019-06-30T13%3A56%3A00-07%3A00&tx_diamondrace_diamondleaguestatistics%5Baction%5D=showEntries&tx_diamondrace_diamondleaguestatistics%5Bcontroller%5D=DiamondLeagueStatistics&cHash=7b653be65ac37bc6d1d104c4efa997a5,https://eugene.diamondleague.com/athletes/287120.html,,12.92,Sergey,SHUBENKOV,04/10/1990,Authorised Neutral Athlete
Men's Shot Put,https://eugene.diamondleague.com/program-results-eugene/?eventId=8920797e-5521-44f0-9895-2b8e0665762a&eventStart=2019-06-30T14%3A01%3A00-07%3A00&tx_diamondrace_diamondleaguestatistics%5Baction%5D=showEntries&tx_diamondrace_diamondleaguestatistics%5Bcontroller%5D=DiamondLeagueStatistics&cHash=5f745b6ea2fd80fc2df950449e29142d,https://eugene.diamondleague.com/athletes/14377465.html,21.83,22.00,Darlan,ROMANI,09/04/1991,Brazil
Women's 3000m,https://eugene.diamondleague.com/program-results-eugene/?eventId=0eac18db-536e-47a8-b377-569ee0ac09b5&eventStart=2019-06-30T14%3A05%3A00-07%3A00&tx_diamondrace_diamondleaguestatistics%5Baction%5D=showEntries&tx_diamondrace_diamondleaguestatistics%5Bcontroller%5D=DiamondLeagueStatistics&cHash=0a1bb0331dc5cdee36f255e5a909f754,https://eugene.diamondleague.com/athletes/14489606.html,,8:27.50,Sifan,HASSAN,1993,Netherlands
1500m Women,https://eugene.diamondleague.com/program-results-eugene/?eventId=91d0b332-c710-407f-8d2d-43d807a6660f&eventStart=2019-06-30T14%3A31%3A00-07%3A00&tx_diamondrace_diamondleaguestatistics%5Baction%5D=showEntries&tx_diamondrace_diamondleaguestatistics%5Bcontroller%5D=DiamondLeagueStatistics&cHash=61fe6ebf258bd52fd015338f6145ca6b,https://eugene.diamondleague.com/athletes/14327446.html,,4:03.59,Kate,GRACE,24/10/1988,United States
1 Mile Men,https://eugene.diamondleague.com/program-results-eugene/?eventId=b432fc9b-21ba-4da9-83fc-22e0d2759c35&eventStart=2019-06-30T14%3A51%3A00-07%3A00&tx_diamondrace_diamondleaguestatistics%5Baction%5D=showEntries&tx_diamondrace_diamondleaguestatistics%5Bcontroller%5D=DiamondLeagueStatistics&cHash=d761e7ca991594da561a98e6791a1e1c,https://eugene.diamondleague.com/athletes/14458705.html,,3:53.23,Filip,INGEBRIGTSEN,20/04/1993,Norway
Men's Pole Vault,https://eugene.diamondleague.com/program-results-eugene/?eventId=c700459c-f559-488f-a766-128570f30f4f&eventStart=2019-06-30T12%3A43%3A00-07%3A00&tx_diamondrace_diamondleaguestatistics%5Baction%5D=showEntries&tx_diamondrace_diamondleaguestatistics%5Bcontroller%5D=DiamondLeagueStatistics&cHash=ef32501303dcb117daec34708fc1ed6b,https://eugene.diamondleague.com/athletes/14565215.html,,6.00,Timur,MORGUNOV,12/10/1996,Authorised Neutral Athlete
Women's Shot Put,https://eugene.diamondleague.com/program-results-eugene/?eventId=093d68c3-8a54-4c9d-958a-a403fdcdf3d2&eventStart=2019-06-30T12%3A57%3A00-07%3A00&tx_diamondrace_diamondleaguestatistics%5Baction%5D=showEntries&tx_diamondrace_diamondleaguestatistics%5Bcontroller%5D=DiamondLeagueStatistics&cHash=a529dc7eb1ddc4eb97986373c5432f37,https://eugene.diamondleague.com/athletes/14615321.html,,19.76,Raven,SAUNDERS,15/05/1996,United States
400m Hurdles Men,https://eugene.diamondleague.com/program-results-eugene/?eventId=a9701d16-c36e-4020-9bb3-87bf39071022&eventStart=2019-06-30T13%3A03%3A00-07%3A00&tx_diamondrace_diamondleaguestatistics%5Baction%5D=showEntries&tx_diamondrace_diamondleaguestatistics%5Bcontroller%5D=DiamondLeagueStatistics&cHash=f1ad5ce2597430faea5cd4a133de7d8e,https://eugene.diamondleague.com/athletes/14752208.html,47.51,46.98,Abderrahman,SAMBA,05/09/1995,Qatar
Women's High Jump,https://eugene.diamondleague.com/program-results-eugene/?eventId=b73e0eb1-e86d-4931-b9ce-a974ad596212&eventStart=2019-06-30T13%3A08%3A00-07%3A00&tx_diamondrace_diamondleaguestatistics%5Baction%5D=showEntries&tx_diamondrace_diamondleaguestatistics%5Bcontroller%5D=DiamondLeagueStatistics&cHash=63de9b666260d0549886f11f08a1c722,https://eugene.diamondleague.com/athletes/14290340.html,,1.98,AirinÃ©,PALÅ YTÃ,13/07/1992,Lithuania
Women's 3000m Steeplechase,https://eugene.diamondleague.com/program-results-eugene/?eventId=63fa7fea-e8c6-47b2-8083-8477ab65c9f6&eventStart=2019-06-30T13%3A11%3A00-07%3A00&tx_diamondrace_diamondleaguestatistics%5Baction%5D=showEntries&tx_diamondrace_diamondleaguestatistics%5Bcontroller%5D=DiamondLeagueStatistics&cHash=a21bd3a93df24138df88c9ac84993e30,https://eugene.diamondleague.com/athletes/14530633.html,,9:10.71,Daisy,JEPKEMEI,13/02/1996,Kenya
Men's 110m Hurdles,https://eugene.diamondleague.com/program-results-eugene/?eventId=e87d1c18-303e-4db0-8d13-240d6830a244&eventStart=2019-06-30T13%3A56%3A00-07%3A00&tx_diamondrace_diamondleaguestatistics%5Baction%5D=showEntries&tx_diamondrace_diamondleaguestatistics%5Bcontroller%5D=DiamondLeagueStatistics&cHash=7b653be65ac37bc6d1d104c4efa997a5,https://eugene.diamondleague.com/athletes/14171016.html,13.21,13.21,Wenjun,XIE,11/07/1990,PR of China
Men's Shot Put,https://eugene.diamondleague.com/program-results-eugene/?eventId=8920797e-5521-44f0-9895-2b8e0665762a&eventStart=2019-06-30T14%3A01%3A00-07%3A00&tx_diamondrace_diamondleaguestatistics%5Baction%5D=showEntries&tx_diamondrace_diamondleaguestatistics%5Bcontroller%5D=DiamondLeagueStatistics&cHash=5f745b6ea2fd80fc2df950449e29142d,https://eugene.diamondleague.com/athletes/14379859.html,,22.01,TomÃ¡Å¡,STANÄK,13/06/1991,Czech Republic
Women's 3000m,https://eugene.diamondleague.com/program-results-eugene/?eventId=0eac18db-536e-47a8-b377-569ee0ac09b5&eventStart=2019-06-30T14%3A05%3A00-07%3A00&tx_diamondrace_diamondleaguestatistics%5Baction%5D=showEntries&tx_diamondrace_diamondleaguestatistics%5Bcontroller%5D=DiamondLeagueStatistics&cHash=0a1bb0331dc5cdee36f255e5a909f754,https://eugene.diamondleague.com/athletes/14423904.html,8:29.89,8:29.05,Caroline,Chepkoech,26/05/1994,Kenya
1500m Women,https://eugene.diamondleague.com/program-results-eugene/?eventId=91d0b332-c710-407f-8d2d-43d807a6660f&eventStart=2019-06-30T14%3A31%3A00-07%3A00&tx_diamondrace_diamondleaguestatistics%5Baction%5D=showEntries&tx_diamondrace_diamondleaguestatistics%5Bcontroller%5D=DiamondLeagueStatistics&cHash=61fe6ebf258bd52fd015338f6145ca6b,https://eugene.diamondleague.com/athletes/14806061.html,,4:20.36,Lemlem,HAILU,21/05/2001,Ethiopia
1 Mile Men,https://eugene.diamondleague.com/program-results-eugene/?eventId=b432fc9b-21ba-4da9-83fc-22e0d2759c35&eventStart=2019-06-30T14%3A51%3A00-07%3A00&tx_diamondrace_diamondleaguestatistics%5Baction%5D=showEntries&tx_diamondrace_diamondleaguestatistics%5Bcontroller%5D=DiamondLeagueStatistics&cHash=d761e7ca991594da561a98e6791a1e1c,https://eugene.diamondleague.com/athletes/14653717.html,,3:52.28,Jakob,INGEBRIGTSEN,19/09/2000,Norway
Women's Shot Put,https://eugene.diamondleague.com/program-results-eugene/?eventId=093d68c3-8a54-4c9d-958a-a403fdcdf3d2&eventStart=2019-06-30T12%3A57%3A00-07%3A00&tx_diamondrace_diamondleaguestatistics%5Baction%5D=showEntries&tx_diamondrace_diamondleaguestatistics%5Bcontroller%5D=DiamondLeagueStatistics&cHash=a529dc7eb1ddc4eb97986373c5432f37,https://eugene.diamondleague.com/athletes/14279753.html,,20.77,Christina,SCHWANITZ,24/12/1985,Germany
Women's 3000m Steeplechase,https://eugene.diamondleague.com/program-results-eugene/?eventId=63fa7fea-e8c6-47b2-8083-8477ab65c9f6&eventStart=2019-06-30T13%3A11%3A00-07%3A00&tx_diamondrace_diamondleaguestatistics%5Baction%5D=showEntries&tx_diamondrace_diamondleaguestatistics%5Bcontroller%5D=DiamondLeagueStatistics&cHash=a21bd3a93df24138df88c9ac84993e30,https://eugene.diamondleague.com/athletes/14479154.html,,8:59.62,Norah,JERUTO,02/10/1995,Kenya
Men's Shot Put,https://eugene.diamondleague.com/program-results-eugene/?eventId=8920797e-5521-44f0-9895-2b8e0665762a&eventStart=2019-06-30T14%3A01%3A00-07%3A00&tx_diamondrace_diamondleaguestatistics%5Baction%5D=showEntries&tx_diamondrace_diamondleaguestatistics%5Bcontroller%5D=DiamondLeagueStatistics&cHash=5f745b6ea2fd80fc2df950449e29142d,https://eugene.diamondleague.com/athletes/14194393.html,,22.20,David,STORL,27/07/1990,Germany
Women's 3000m,https://eugene.diamondleague.com/program-results-eugene/?eventId=0eac18db-536e-47a8-b377-569ee0ac09b5&eventStart=2019-06-30T14%3A05%3A00-07%3A00&tx_diamondrace_diamondleaguestatistics%5Baction%5D=showEntries&tx_diamondrace_diamondleaguestatistics%5Bcontroller%5D=DiamondLeagueStatistics&cHash=0a1bb0331dc5cdee36f255e5a909f754,https://eugene.diamondleague.com/athletes/14496249.html,,8:29.89,Konstanze,KLOSTERHALFEN,18/02/1997,Germany
1500m Women,https://eugene.diamondleague.com/program-results-eugene/?eventId=91d0b332-c710-407f-8d2d-43d807a6660f&eventStart=2019-06-30T14%3A31%3A00-07%3A00&tx_diamondrace_diamondleaguestatistics%5Baction%5D=showEntries&tx_diamondrace_diamondleaguestatistics%5Bcontroller%5D=DiamondLeagueStatistics&cHash=61fe6ebf258bd52fd015338f6145ca6b,https://eugene.diamondleague.com/athletes/14272002.html,,4:00.86,Linden,HALL,20/06/1991,Australia
1 Mile Men,https://eugene.diamondleague.com/program-results-eugene/?eventId=b432fc9b-21ba-4da9-83fc-22e0d2759c35&eventStart=2019-06-30T14%3A51%3A00-07%3A00&tx_diamondrace_diamondleaguestatistics%5Baction%5D=showEntries&tx_diamondrace_diamondleaguestatistics%5Bcontroller%5D=DiamondLeagueStatistics&cHash=d761e7ca991594da561a98e6791a1e1c,https://eugene.diamondleague.com/athletes/14471387.html,,,Brahim,KAAZOUZI,15/06/1990,Morocco
Women's Shot Put,https://eugene.diamondleague.com/program-results-eugene/?eventId=093d68c3-8a54-4c9d-958a-a403fdcdf3d2&eventStart=2019-06-30T12%3A57%3A00-07%3A00&tx_diamondrace_diamondleaguestatistics%5Baction%5D=showEntries&tx_diamondrace_diamondleaguestatistics%5Bcontroller%5D=DiamondLeagueStatistics&cHash=a529dc7eb1ddc4eb97986373c5432f37,https://eugene.diamondleague.com/athletes/14468647.html,19.48,19.48,Danniel,THOMAS-DODD,11/11/1992,Jamaica
Women's 3000m Steeplechase,https://eugene.diamondleague.com/program-results-eugene/?eventId=63fa7fea-e8c6-47b2-8083-8477ab65c9f6&eventStart=2019-06-30T13%3A11%3A00-07%3A00&tx_diamondrace_diamondleaguestatistics%5Baction%5D=showEntries&tx_diamondrace_diamondleaguestatistics%5Bcontroller%5D=DiamondLeagueStatistics&cHash=a21bd3a93df24138df88c9ac84993e30,https://eugene.diamondleague.com/athletes/14472841.html,,9:00.01,Hyvin,KIYENG,13/01/1992,Kenya
Men's Shot Put,https://eugene.diamondleague.com/program-results-eugene/?eventId=8920797e-5521-44f0-9895-2b8e0665762a&eventStart=2019-06-30T14%3A01%3A00-07%3A00&tx_diamondrace_diamondleaguestatistics%5Baction%5D=showEntries&tx_diamondrace_diamondleaguestatistics%5Bcontroller%5D=DiamondLeagueStatistics&cHash=5f745b6ea2fd80fc2df950449e29142d,https://eugene.diamondleague.com/athletes/14413007.html,21.91,22.67,Tomas,WALSH,01/03/1992,New Zealand
Women's 3000m,https://eugene.diamondleague.com/program-results-eugene/?eventId=0eac18db-536e-47a8-b377-569ee0ac09b5&eventStart=2019-06-30T14%3A05%3A00-07%3A00&tx_diamondrace_diamondleaguestatistics%5Baction%5D=showEntries&tx_diamondrace_diamondleaguestatistics%5Bcontroller%5D=DiamondLeagueStatistics&cHash=0a1bb0331dc5cdee36f255e5a909f754,https://eugene.diamondleague.com/athletes/14424921.html,8:25.60,8:20.68,Hellen,OBIRI,13/12/1989,Kenya
1500m Women,https://eugene.diamondleague.com/program-results-eugene/?eventId=91d0b332-c710-407f-8d2d-43d807a6660f&eventStart=2019-06-30T14%3A31%3A00-07%3A00&tx_diamondrace_diamondleaguestatistics%5Baction%5D=showEntries&tx_diamondrace_diamondleaguestatistics%5Bcontroller%5D=DiamondLeagueStatistics&cHash=61fe6ebf258bd52fd015338f6145ca6b,https://eugene.diamondleague.com/athletes/14368938.html,,3:57.34,Shelby,HOULIHAN,08/02/1993,United States
1 Mile Men,https://eugene.diamondleague.com/program-results-eugene/?eventId=b432fc9b-21ba-4da9-83fc-22e0d2759c35&eventStart=2019-06-30T14%3A51%3A00-07%3A00&tx_diamondrace_diamondleaguestatistics%5Baction%5D=showEntries&tx_diamondrace_diamondleaguestatistics%5Bcontroller%5D=DiamondLeagueStatistics&cHash=d761e7ca991594da561a98e6791a1e1c,https://eugene.diamondleague.com/athletes/14590785.html,,3:49.08,Elijah,Motonei,05/01/1993,Kenya
Women's 3000m Steeplechase,https://eugene.diamondleague.com/program-results-eugene/?eventId=63fa7fea-e8c6-47b2-8083-8477ab65c9f6&eventStart=2019-06-30T13%3A11%3A00-07%3A00&tx_diamondrace_diamondleaguestatistics%5Baction%5D=showEntries&tx_diamondrace_diamondleaguestatistics%5Bcontroller%5D=DiamondLeagueStatistics&cHash=a21bd3a93df24138df88c9ac84993e30,https://eugene.diamondleague.com/athletes/14329341.html,,9:11.85,Gesa,Felicitas,03/08/1992,Germany
Women's 3000m,https://eugene.diamondleague.com/program-results-eugene/?eventId=0eac18db-536e-47a8-b377-569ee0ac09b5&eventStart=2019-06-30T14%3A05%3A00-07%3A00&tx_diamondrace_diamondleaguestatistics%5Baction%5D=showEntries&tx_diamondrace_diamondleaguestatistics%5Bcontroller%5D=DiamondLeagueStatistics&cHash=0a1bb0331dc5cdee36f255e5a909f754,https://eugene.diamondleague.com/athletes/14590678.html,8:29.02,8:29.02,Lilian,Kasait,03/05/1997,Kenya
1500m Women,https://eugene.diamondleague.com/program-results-eugene/?eventId=91d0b332-c710-407f-8d2d-43d807a6660f&eventStart=2019-06-30T14%3A31%3A00-07%3A00&tx_diamondrace_diamondleaguestatistics%5Baction%5D=showEntries&tx_diamondrace_diamondleaguestatistics%5Bcontroller%5D=DiamondLeagueStatistics&cHash=61fe6ebf258bd52fd015338f6145ca6b,https://eugene.diamondleague.com/athletes/14464506.html,4:09.90,4:08.75,Jessica,HULL,22/10/1996,Australia
1 Mile Men,https://eugene.diamondleague.com/program-results-eugene/?eventId=b432fc9b-21ba-4da9-83fc-22e0d2759c35&eventStart=2019-06-30T14%3A51%3A00-07%3A00&tx_diamondrace_diamondleaguestatistics%5Baction%5D=showEntries&tx_diamondrace_diamondleaguestatistics%5Bcontroller%5D=DiamondLeagueStatistics&cHash=d761e7ca991594da561a98e6791a1e1c,https://eugene.diamondleague.com/athletes/14375782.html,,3:47.32,Ayanleh,SOULEIMAN,03/12/1992,Djibouti
Women's 3000m Steeplechase,https://eugene.diamondleague.com/program-results-eugene/?eventId=63fa7fea-e8c6-47b2-8083-8477ab65c9f6&eventStart=2019-06-30T13%3A11%3A00-07%3A00&tx_diamondrace_diamondleaguestatistics%5Baction%5D=showEntries&tx_diamondrace_diamondleaguestatistics%5Bcontroller%5D=DiamondLeagueStatistics&cHash=a21bd3a93df24138df88c9ac84993e30,https://eugene.diamondleague.com/athletes/14437440.html,,9:10.27,Colleen,QUIGLEY,20/11/1992,United States
Women's 3000m,https://eugene.diamondleague.com/program-results-eugene/?eventId=0eac18db-536e-47a8-b377-569ee0ac09b5&eventStart=2019-06-30T14%3A05%3A00-07%3A00&tx_diamondrace_diamondleaguestatistics%5Baction%5D=showEntries&tx_diamondrace_diamondleaguestatistics%5Bcontroller%5D=DiamondLeagueStatistics&cHash=0a1bb0331dc5cdee36f255e5a909f754,https://eugene.diamondleague.com/athletes/14320785.html,,8:56.75,Rachel,SCHNEIDER,18/07/1991,United States
1500m Women,https://eugene.diamondleague.com/program-results-eugene/?eventId=91d0b332-c710-407f-8d2d-43d807a6660f&eventStart=2019-06-30T14%3A31%3A00-07%3A00&tx_diamondrace_diamondleaguestatistics%5Baction%5D=showEntries&tx_diamondrace_diamondleaguestatistics%5Bcontroller%5D=DiamondLeagueStatistics&cHash=61fe6ebf258bd52fd015338f6145ca6b,https://eugene.diamondleague.com/athletes/14479600.html,4:20.57,4:07.33,Danielle,JONES,21/08/1996,United States
1 Mile Men,https://eugene.diamondleague.com/program-results-eugene/?eventId=b432fc9b-21ba-4da9-83fc-22e0d2759c35&eventStart=2019-06-30T14%3A51%3A00-07%3A00&tx_diamondrace_diamondleaguestatistics%5Baction%5D=showEntries&tx_diamondrace_diamondleaguestatistics%5Bcontroller%5D=DiamondLeagueStatistics&cHash=d761e7ca991594da561a98e6791a1e1c,https://eugene.diamondleague.com/athletes/14797484.html,,3:51.26,Samuel,TEFERA,23/10/1999,Ethiopia
Women's 3000m Steeplechase,https://eugene.diamondleague.com/program-results-eugene/?eventId=63fa7fea-e8c6-47b2-8083-8477ab65c9f6&eventStart=2019-06-30T13%3A11%3A00-07%3A00&tx_diamondrace_diamondleaguestatistics%5Baction%5D=showEntries&tx_diamondrace_diamondleaguestatistics%5Bcontroller%5D=DiamondLeagueStatistics&cHash=a21bd3a93df24138df88c9ac84993e30,https://eugene.diamondleague.com/athletes/14288922.html,,9:28.81,Caroline,TUIGONG,12/03/1990,Kenya
Women's 3000m,https://eugene.diamondleague.com/program-results-eugene/?eventId=0eac18db-536e-47a8-b377-569ee0ac09b5&eventStart=2019-06-30T14%3A05%3A00-07%3A00&tx_diamondrace_diamondleaguestatistics%5Baction%5D=showEntries&tx_diamondrace_diamondleaguestatistics%5Bcontroller%5D=DiamondLeagueStatistics&cHash=0a1bb0331dc5cdee36f255e5a909f754,https://eugene.diamondleague.com/athletes/14470567.html,,,Karissa,SCHWEIZER,04/05/1996,United States
1500m Women,https://eugene.diamondleague.com/program-results-eugene/?eventId=91d0b332-c710-407f-8d2d-43d807a6660f&eventStart=2019-06-30T14%3A31%3A00-07%3A00&tx_diamondrace_diamondleaguestatistics%5Baction%5D=showEntries&tx_diamondrace_diamondleaguestatistics%5Bcontroller%5D=DiamondLeagueStatistics&cHash=61fe6ebf258bd52fd015338f6145ca6b,https://eugene.diamondleague.com/athletes/14413305.html,,3:56.41,Faith,KIPYEGON,10/01/1994,Kenya
1 Mile Men,https://eugene.diamondleague.com/program-results-eugene/?eventId=b432fc9b-21ba-4da9-83fc-22e0d2759c35&eventStart=2019-06-30T14%3A51%3A00-07%3A00&tx_diamondrace_diamondleaguestatistics%5Baction%5D=showEntries&tx_diamondrace_diamondleaguestatistics%5Bcontroller%5D=DiamondLeagueStatistics&cHash=d761e7ca991594da561a98e6791a1e1c,https://eugene.diamondleague.com/athletes/14215936.html,,3:49.83,Nick,WILLIS,25/04/1983,New Zealand
Women's 3000m Steeplechase,https://eugene.diamondleague.com/program-results-eugene/?eventId=63fa7fea-e8c6-47b2-8083-8477ab65c9f6&eventStart=2019-06-30T13%3A11%3A00-07%3A00&tx_diamondrace_diamondleaguestatistics%5Baction%5D=showEntries&tx_diamondrace_diamondleaguestatistics%5Bcontroller%5D=DiamondLeagueStatistics&cHash=a21bd3a93df24138df88c9ac84993e30,https://eugene.diamondleague.com/athletes/14534952.html,9:51.76,9:47.42,Shuangshuang,XU,06/04/1996,PR of China
Women's 3000m,https://eugene.diamondleague.com/program-results-eugene/?eventId=0eac18db-536e-47a8-b377-569ee0ac09b5&eventStart=2019-06-30T14%3A05%3A00-07%3A00&tx_diamondrace_diamondleaguestatistics%5Baction%5D=showEntries&tx_diamondrace_diamondleaguestatistics%5Bcontroller%5D=DiamondLeagueStatistics&cHash=0a1bb0331dc5cdee36f255e5a909f754,https://eugene.diamondleague.com/athletes/287317.html,,8:41.33,Dominique,SCOTT,24/06/1992,South Africa
1500m Women,https://eugene.diamondleague.com/program-results-eugene/?eventId=91d0b332-c710-407f-8d2d-43d807a6660f&eventStart=2019-06-30T14%3A31%3A00-07%3A00&tx_diamondrace_diamondleaguestatistics%5Baction%5D=showEntries&tx_diamondrace_diamondleaguestatistics%5Bcontroller%5D=DiamondLeagueStatistics&cHash=61fe6ebf258bd52fd015338f6145ca6b,https://eugene.diamondleague.com/athletes/14422111.html,4:05.37,3:55.22,Laura,MUIR,09/05/1993,Great Britain & NI
1 Mile Men,https://eugene.diamondleague.com/program-results-eugene/?eventId=b432fc9b-21ba-4da9-83fc-22e0d2759c35&eventStart=2019-06-30T14%3A51%3A00-07%3A00&tx_diamondrace_diamondleaguestatistics%5Baction%5D=showEntries&tx_diamondrace_diamondleaguestatistics%5Bcontroller%5D=DiamondLeagueStatistics&cHash=d761e7ca991594da561a98e6791a1e1c,https://eugene.diamondleague.com/athletes/14429188.html,,3:48.60,Aman,WOTE,18/04/1984,Ethiopia
Women's 3000m Steeplechase,https://eugene.diamondleague.com/program-results-eugene/?eventId=63fa7fea-e8c6-47b2-8083-8477ab65c9f6&eventStart=2019-06-30T13%3A11%3A00-07%3A00&tx_diamondrace_diamondleaguestatistics%5Baction%5D=showEntries&tx_diamondrace_diamondleaguestatistics%5Bcontroller%5D=DiamondLeagueStatistics&cHash=a21bd3a93df24138df88c9ac84993e30,https://eugene.diamondleague.com/athletes/14695622.html,9:46.18,9:10.74,Winfred,Mutile,31/12/1999,Bahrain
Women's 3000m,https://eugene.diamondleague.com/program-results-eugene/?eventId=0eac18db-536e-47a8-b377-569ee0ac09b5&eventStart=2019-06-30T14%3A05%3A00-07%3A00&tx_diamondrace_diamondleaguestatistics%5Baction%5D=showEntries&tx_diamondrace_diamondleaguestatistics%5Bcontroller%5D=DiamondLeagueStatistics&cHash=0a1bb0331dc5cdee36f255e5a909f754,https://eugene.diamondleague.com/athletes/14330057.html,,9:36.29,Caster,SEMENYA,07/01/1991,South Africa
1500m Women,https://eugene.diamondleague.com/program-results-eugene/?eventId=91d0b332-c710-407f-8d2d-43d807a6660f&eventStart=2019-06-30T14%3A31%3A00-07%3A00&tx_diamondrace_diamondleaguestatistics%5Baction%5D=showEntries&tx_diamondrace_diamondleaguestatistics%5Bcontroller%5D=DiamondLeagueStatistics&cHash=61fe6ebf258bd52fd015338f6145ca6b,https://eugene.diamondleague.com/athletes/14716074.html,4:03.79,4:01.78,Alemaz,SAMUEL,05/07/1999,Ethiopia
Women's 3000m,https://eugene.diamondleague.com/program-results-eugene/?eventId=0eac18db-536e-47a8-b377-569ee0ac09b5&eventStart=2019-06-30T14%3A05%3A00-07%3A00&tx_diamondrace_diamondleaguestatistics%5Baction%5D=showEntries&tx_diamondrace_diamondleaguestatistics%5Bcontroller%5D=DiamondLeagueStatistics&cHash=0a1bb0331dc5cdee36f255e5a909f754,https://eugene.diamondleague.com/athletes/14477329.html,,8:32.49,Senbere,TEFERI,03/05/1995,Ethiopia
1500m Women,https://eugene.diamondleague.com/program-results-eugene/?eventId=91d0b332-c710-407f-8d2d-43d807a6660f&eventStart=2019-06-30T14%3A31%3A00-07%3A00&tx_diamondrace_diamondleaguestatistics%5Baction%5D=showEntries&tx_diamondrace_diamondleaguestatistics%5Bcontroller%5D=DiamondLeagueStatistics&cHash=61fe6ebf258bd52fd015338f6145ca6b,https://eugene.diamondleague.com/athletes/14595214.html,3:59.57,3:57.64,Gudaf,TSEGAY,23/01/1997,Ethiopia
Women's 3000m,https://eugene.diamondleague.com/program-results-eugene/?eventId=0eac18db-536e-47a8-b377-569ee0ac09b5&eventStart=2019-06-30T14%3A05%3A00-07%3A00&tx_diamondrace_diamondleaguestatistics%5Baction%5D=showEntries&tx_diamondrace_diamondleaguestatistics%5Bcontroller%5D=DiamondLeagueStatistics&cHash=0a1bb0331dc5cdee36f255e5a909f754,https://eugene.diamondleague.com/athletes/14276688.html,,9:02.62,Laura,WEIGHTMAN,01/07/1991,Great Britain & NI
Women's 3000m,https://eugene.diamondleague.com/program-results-eugene/?eventId=0eac18db-536e-47a8-b377-569ee0ac09b5&eventStart=2019-06-30T14%3A05%3A00-07%3A00&tx_diamondrace_diamondleaguestatistics%5Baction%5D=showEntries&tx_diamondrace_diamondleaguestatistics%5Bcontroller%5D=DiamondLeagueStatistics&cHash=0a1bb0331dc5cdee36f255e5a909f754,https://eugene.diamondleague.com/athletes/14751322.html,,,Fantu,WORKU,29/03/1999,Ethiopia
